{"v":"5.7.3","fr":29.9700012207031,"ip":0,"op":121.000004928431,"w":400,"h":400,"nm":"Empty Box","ddd":0,"assets":[],"layers":[{"ddd":0,"ind":1,"ty":4,"nm":"For Position","sr":1,"ks":{"o":{"a":0,"k":100,"ix":11},"r":{"a":0,"k":0,"ix":10},"p":{"a":1,"k":[{"i":{"x":0.2,"y":1},"o":{"x":0.2,"y":0},"t":-10,"s":[190,176,0],"to":[0,0,0],"ti":[0,0,0]},{"i":{"x":0.2,"y":1},"o":{"x":0.167,"y":0.167},"t":0,"s":[190,216,0],"to":[0,0,0],"ti":[0,0,0]},{"i":{"x":0.2,"y":1},"o":{"x":0.167,"y":0.167},"t":10,"s":[190,167,0],"to":[0,0,0],"ti":[0,0,0]},{"i":{"x":0.2,"y":0.2},"o":{"x":0.167,"y":0.167},"t":20,"s":[190,176,0],"to":[0,0,0],"ti":[0,0,0]},{"i":{"x":0.833,"y":0.833},"o":{"x":0.8,"y":0},"t":60,"s":[190,176,0],"to":[0,0,0],"ti":[0,0,0]},{"i":{"x":0.833,"y":0.833},"o":{"x":0.8,"y":0},"t":70,"s":[190,167,0],"to":[0,0,0],"ti":[0,0,0]},{"t":80.0000032584668,"s":[190,216,0]}],"ix":2},"a":{"a":0,"k":[0,0,0],"ix":1},"s":{"a":1,"k":[{"i":{"x":[0.2,0.2,0.2],"y":[1,1,1]},"o":{"x":[0.2,0.2,0.2],"y":[0,0,0]},"t":-10,"s":[100,100,100]},{"i":{"x":[0.8,0.8,0.8],"y":[1,1,1]},"o":{"x":[0.167,0.167,0.167],"y":[0.167,0.167,0]},"t":0,"s":[90,90,100]},{"i":{"x":[0.8,0.8,0.8],"y":[1,1,1]},"o":{"x":[0.167,0.167,0.167],"y":[0.167,0.167,0]},"t":10,"s":[110,110,100]},{"i":{"x":[0.8,0.8,0.8],"y":[1,1,1]},"o":{"x":[0.167,0.167,0.167],"y":[0,0,0]},"t":20,"s":[100,100,100]},{"i":{"x":[0.833,0.833,0.833],"y":[0.833,0.833,1]},"o":{"x":[0.2,0.2,0.2],"y":[0,0,0]},"t":60,"s":[100,100,100]},{"i":{"x":[0.833,0.833,0.833],"y":[0.833,0.833,1]},"o":{"x":[0.2,0.2,0.2],"y":[0,0,0]},"t":70,"s":[110,110,100]},{"t":80.0000032584668,"s":[90,90,100]}],"ix":6}},"ao":0,"shapes":[],"ip":0,"op":121.000004928431,"st":-10.0000004073083,"bm":0},{"ddd":0,"ind":2,"ty":4,"nm":"Fold-1","parent":1,"sr":1,"ks":{"o":{"a":0,"k":100,"ix":11},"r":{"a":0,"k":0,"ix":10},"p":{"a":1,"k":[{"i":{"x":0.8,"y":1},"o":{"x":0.2,"y":0},"t":-10,"s":[72.693,27.588,0],"to":[0.051,0.097,0],"ti":[0,0,0]},{"i":{"x":0.8,"y":1},"o":{"x":0.167,"y":0.167},"t":0,"s":[72.998,28.171,0],"to":[0,0,0],"ti":[0.051,0.097,0]},{"i":{"x":0.8,"y":1},"o":{"x":0.167,"y":0.167},"t":10,"s":[72.693,27.588,0],"to":[-0.051,-0.097,0],"ti":[-0.051,-0.097,0]},{"i":{"x":0.833,"y":0.833},"o":{"x":0.2,"y":0},"t":70,"s":[72.693,27.588,0],"to":[0.051,0.097,0],"ti":[0,0,0]},{"t":80.0000032584668,"s":[72.998,28.171,0]}],"ix":2},"a":{"a":0,"k":[65.293,34.862,0],"ix":1},"s":{"a":0,"k":[100,100,100],"ix":6}},"ao":0,"shapes":[{"ind":0,"ty":"sh","ix":1,"ks":{"a":1,"k":[{"i":{"x":0.4,"y":1},"o":{"x":0.2,"y":0},"t":-10,"s":[{"i":[[0,0],[0,0],[0,0],[0,0]],"o":[[0,0],[0,0],[0,0],[0,0]],"v":[[130.336,35.05],[96.769,0.25],[0.25,34.674],[33.817,69.473]],"c":true}]},{"i":{"x":0.8,"y":1},"o":{"x":0.6,"y":0},"t":-5,"s":[{"i":[[0,0],[0,0],[0,0],[0,0]],"o":[[0,0],[0,0],[0,0],[0,0]],"v":[[96.044,-34.622],[96.769,0.25],[0.25,34.674],[-0.475,-0.199]],"c":true}]},{"i":{"x":0.8,"y":1},"o":{"x":0.167,"y":0.167},"t":0,"s":[{"i":[[0,0],[0,0],[0,0],[0,0]],"o":[[0,0],[0,0],[0,0],[0,0]],"v":[[55.211,-14.761],[96.769,0.25],[0.25,34.674],[-41.308,19.662]],"c":true}]},{"i":{"x":0.8,"y":1},"o":{"x":0.167,"y":0.167},"t":5,"s":[{"i":[[0,0],[0,0],[0,0],[0,0]],"o":[[0,0],[0,0],[0,0],[0,0]],"v":[[96.044,-34.622],[96.769,0.25],[0.25,34.674],[-0.475,-0.199]],"c":true}]},{"i":{"x":0.8,"y":1},"o":{"x":0.167,"y":0.167},"t":10,"s":[{"i":[[0,0],[0,0],[0,0],[0,0]],"o":[[0,0],[0,0],[0,0],[0,0]],"v":[[125.791,56.414],[96.769,0.25],[0.25,34.674],[29.272,90.837]],"c":true}]},{"i":{"x":0.8,"y":1},"o":{"x":0.167,"y":0.167},"t":20,"s":[{"i":[[0,0],[0,0],[0,0],[0,0]],"o":[[0,0],[0,0],[0,0],[0,0]],"v":[[130.336,35.05],[96.769,0.25],[0.25,34.674],[33.817,69.473]],"c":true}]},{"i":{"x":0.833,"y":0.833},"o":{"x":0.2,"y":0},"t":60,"s":[{"i":[[0,0],[0,0],[0,0],[0,0]],"o":[[0,0],[0,0],[0,0],[0,0]],"v":[[130.336,35.05],[96.769,0.25],[0.25,34.674],[33.817,69.473]],"c":true}]},{"i":{"x":0.833,"y":0.833},"o":{"x":0.2,"y":0},"t":70,"s":[{"i":[[0,0],[0,0],[0,0],[0,0]],"o":[[0,0],[0,0],[0,0],[0,0]],"v":[[125.791,56.414],[96.769,0.25],[0.25,34.674],[29.272,90.837]],"c":true}]},{"i":{"x":0.833,"y":0.833},"o":{"x":0.2,"y":0},"t":75,"s":[{"i":[[0,0],[0,0],[0,0],[0,0]],"o":[[0,0],[0,0],[0,0],[0,0]],"v":[[96.044,-34.622],[96.769,0.25],[0.25,34.674],[-0.475,-0.199]],"c":true}]},{"t":80.0000032584668,"s":[{"i":[[0,0],[0,0],[0,0],[0,0]],"o":[[0,0],[0,0],[0,0],[0,0]],"v":[[55.211,-14.761],[96.769,0.25],[0.25,34.674],[-41.308,19.662]],"c":true}]}],"ix":2},"nm":"Path 1","mn":"ADBE Vector Shape - Group","hd":false},{"ty":"fl","c":{"a":0,"k":[0.85098027248,0.683719171262,0.462532761518,1],"ix":4},"o":{"a":0,"k":100,"ix":5},"r":1,"bm":0,"nm":"Fill 1","mn":"ADBE Vector Graphic - Fill","hd":false}],"ip":0,"op":121.000004928431,"st":-10.0000004073083,"bm":0},{"ddd":0,"ind":3,"ty":4,"nm":"Fold-2","parent":1,"sr":1,"ks":{"o":{"a":0,"k":100,"ix":11},"r":{"a":0,"k":0,"ix":10},"p":{"a":1,"k":[{"i":{"x":0.8,"y":1},"o":{"x":0.2,"y":0},"t":-10,"s":[-57.142,27.421,0],"to":[-0.083,0.125,0],"ti":[0,0,0]},{"i":{"x":0.8,"y":1},"o":{"x":0.167,"y":0.167},"t":0,"s":[-58.198,27.893,0],"to":[0,0,0],"ti":[-0.083,0.125,0]},{"i":{"x":0.8,"y":0.8},"o":{"x":0.167,"y":0.167},"t":10,"s":[-57.142,27.421,0],"to":[0,0,0],"ti":[0,0,0]},{"i":{"x":0.8,"y":0.8},"o":{"x":0.167,"y":0.167},"t":20,"s":[-57.142,27.421,0],"to":[0,0,0],"ti":[0,0,0]},{"i":{"x":0.833,"y":0.833},"o":{"x":0.2,"y":0.2},"t":60,"s":[-57.142,27.421,0],"to":[0,0,0],"ti":[0,0,0]},{"i":{"x":0.833,"y":0.833},"o":{"x":0.2,"y":0},"t":70,"s":[-57.142,27.421,0],"to":[-0.083,0.125,0],"ti":[0,0,0]},{"t":80.0000032584668,"s":[-57.642,28.171,0]}],"ix":2},"a":{"a":0,"k":[65.293,34.862,0],"ix":1},"s":{"a":0,"k":[100,100,100],"ix":6}},"ao":0,"shapes":[{"ind":0,"ty":"sh","ix":1,"ks":{"a":1,"k":[{"i":{"x":0.4,"y":1},"o":{"x":0.2,"y":0},"t":-10,"s":[{"i":[[0,0],[0,0],[0,0],[0,0]],"o":[[0,0],[0,0],[0,0],[0,0]],"v":[[0.25,35.05],[33.816,0.25],[130.336,34.674],[96.769,69.473]],"c":true}]},{"i":{"x":0.8,"y":1},"o":{"x":0.6,"y":0},"t":-5,"s":[{"i":[[0,0],[0,0],[0,0],[0,0]],"o":[[0,0],[0,0],[0,0],[0,0]],"v":[[48.975,-36.201],[33.816,0.25],[130.336,34.674],[145.494,-1.778]],"c":true}]},{"i":{"x":0.8,"y":1},"o":{"x":0.167,"y":0.167},"t":0,"s":[{"i":[[0,0],[0,0],[0,0],[0,0]],"o":[[0,0],[0,0],[0,0],[0,0]],"v":[[81.361,-16.061],[33.816,0.25],[130.336,34.674],[177.88,18.362]],"c":true}]},{"i":{"x":0.8,"y":1},"o":{"x":0.167,"y":0.167},"t":5,"s":[{"i":[[0,0],[0,0],[0,0],[0,0]],"o":[[0,0],[0,0],[0,0],[0,0]],"v":[[48.975,-36.201],[33.816,0.25],[130.336,34.674],[145.494,-1.778]],"c":true}]},{"i":{"x":0.8,"y":1},"o":{"x":0.167,"y":0.167},"t":10,"s":[{"i":[[0,0],[0,0],[0,0],[0,0]],"o":[[0,0],[0,0],[0,0],[0,0]],"v":[[7.068,55.505],[33.816,0.25],[130.336,34.674],[103.587,89.928]],"c":true}]},{"i":{"x":0.8,"y":1},"o":{"x":0.167,"y":0.167},"t":20,"s":[{"i":[[0,0],[0,0],[0,0],[0,0]],"o":[[0,0],[0,0],[0,0],[0,0]],"v":[[0.25,35.05],[33.816,0.25],[130.336,34.674],[96.769,69.473]],"c":true}]},{"i":{"x":0.833,"y":0.833},"o":{"x":0.2,"y":0},"t":60,"s":[{"i":[[0,0],[0,0],[0,0],[0,0]],"o":[[0,0],[0,0],[0,0],[0,0]],"v":[[0.25,35.05],[33.816,0.25],[130.336,34.674],[96.769,69.473]],"c":true}]},{"i":{"x":0.833,"y":0.833},"o":{"x":0.2,"y":0},"t":70,"s":[{"i":[[0,0],[0,0],[0,0],[0,0]],"o":[[0,0],[0,0],[0,0],[0,0]],"v":[[7.068,55.505],[33.816,0.25],[130.336,34.674],[103.587,89.928]],"c":true}]},{"i":{"x":0.833,"y":0.833},"o":{"x":0.2,"y":0},"t":75,"s":[{"i":[[0,0],[0,0],[0,0],[0,0]],"o":[[0,0],[0,0],[0,0],[0,0]],"v":[[48.975,-36.201],[33.816,0.25],[130.336,34.674],[145.494,-1.778]],"c":true}]},{"t":80.0000032584668,"s":[{"i":[[0,0],[0,0],[0,0],[0,0]],"o":[[0,0],[0,0],[0,0],[0,0]],"v":[[81.361,-16.061],[33.816,0.25],[130.336,34.674],[177.88,18.362]],"c":true}]}],"ix":2},"nm":"Path 1","mn":"ADBE Vector Shape - Group","hd":false},{"ty":"fl","c":{"a":0,"k":[0.92549020052,0.784313738346,0.537254929543,1],"ix":4},"o":{"a":0,"k":100,"ix":5},"r":1,"bm":0,"nm":"Fill 1","mn":"ADBE Vector Graphic - Fill","hd":false}],"ip":0,"op":121.000004928431,"st":-10.0000004073083,"bm":0},{"ddd":0,"ind":4,"ty":4,"nm":"Fold-4","parent":1,"sr":1,"ks":{"o":{"a":0,"k":100,"ix":11},"r":{"a":0,"k":0,"ix":10},"p":{"a":0,"k":[55.844,-5.75,0],"ix":2},"a":{"a":0,"k":[55.844,-7.25,0],"ix":1},"s":{"a":0,"k":[100,100,100],"ix":6}},"ao":0,"shapes":[{"ty":"gr","it":[{"ind":0,"ty":"sh","ix":1,"ks":{"a":1,"k":[{"i":{"x":0.4,"y":1},"o":{"x":0.2,"y":0},"t":-10,"s":[{"i":[[0,0],[0,0],[0,0],[0,0]],"o":[[0,0],[0,0],[0,0],[0,0]],"v":[[7.938,-42.25],[7.688,-8],[104,27.75],[103.875,-6.625]],"c":true}]},{"i":{"x":0.8,"y":1},"o":{"x":0.6,"y":0},"t":-5,"s":[{"i":[[0,0],[0,0],[0,0],[0,0]],"o":[[0,0],[0,0],[0,0],[0,0]],"v":[[7.938,-42.25],[7.041,-78.42],[103.354,-42.67],[103.875,-6.625]],"c":true}]},{"i":{"x":0.8,"y":1},"o":{"x":0.167,"y":0.167},"t":0,"s":[{"i":[[0,0],[0,0],[0,0],[0,0]],"o":[[0,0],[0,0],[0,0],[0,0]],"v":[[7.938,-42.25],[-42.82,-25.087],[53.493,10.663],[103.875,-6.625]],"c":true}]},{"i":{"x":0.8,"y":1},"o":{"x":0.167,"y":0.167},"t":5,"s":[{"i":[[0,0],[0,0],[0,0],[0,0]],"o":[[0,0],[0,0],[0,0],[0,0]],"v":[[7.938,-42.25],[7.041,-78.42],[103.354,-42.67],[103.875,-6.625]],"c":true}]},{"t":10.0000004073083,"s":[{"i":[[0,0],[0,0],[0,0],[0,0]],"o":[[0,0],[0,0],[0,0],[0,0]],"v":[[7.938,-42.25],[7.688,-8],[104,27.75],[103.875,-6.625]],"c":true}]}],"ix":2},"nm":"Path 1","mn":"ADBE Vector Shape - Group","hd":false},{"ty":"st","c":{"a":0,"k":[0.670588235294,0.764705942191,0.827451040231,1],"ix":3},"o":{"a":0,"k":100,"ix":4},"w":{"a":0,"k":0,"ix":5},"lc":1,"lj":1,"ml":4,"bm":0,"nm":"Stroke 1","mn":"ADBE Vector Graphic - Stroke","hd":false},{"ty":"fl","c":{"a":0,"k":[0.925490196078,0.78431372549,0.537254901961,1],"ix":4},"o":{"a":0,"k":100,"ix":5},"r":1,"bm":0,"nm":"Fill 1","mn":"ADBE Vector Graphic - Fill","hd":false},{"ty":"tr","p":{"a":0,"k":[0,0],"ix":2},"a":{"a":0,"k":[0,0],"ix":1},"s":{"a":0,"k":[100,100],"ix":3},"r":{"a":0,"k":0,"ix":6},"o":{"a":0,"k":100,"ix":7},"sk":{"a":0,"k":0,"ix":4},"sa":{"a":0,"k":0,"ix":5},"nm":"Transform"}],"nm":"Shape 1","np":3,"cix":2,"bm":0,"ix":1,"mn":"ADBE Vector Group","hd":false}],"ip":0,"op":7.00000028511585,"st":-10.0000004073083,"bm":0},{"ddd":0,"ind":5,"ty":4,"nm":"Fold-5","parent":1,"sr":1,"ks":{"o":{"a":0,"k":100,"ix":11},"r":{"a":0,"k":0,"ix":10},"p":{"a":0,"k":[-33.343,-40.928,0],"ix":2},"a":{"a":0,"k":[-33.343,-42.039,0],"ix":1},"s":{"a":0,"k":[100,100,100],"ix":6}},"ao":0,"shapes":[{"ty":"gr","it":[{"ind":0,"ty":"sh","ix":1,"ks":{"a":1,"k":[{"i":{"x":0.833,"y":0.833},"o":{"x":0.2,"y":0},"t":70,"s":[{"i":[[0,0],[0,0],[0,0],[0,0]],"o":[[0,0],[0,0],[0,0],[0,0]],"v":[[7.25,-41.5],[-87.75,-7.25],[-87.75,27.375],[8,-6.5]],"c":true}]},{"i":{"x":0.833,"y":0.833},"o":{"x":0.2,"y":0},"t":75,"s":[{"i":[[0,0],[0,0],[0,0],[0,0]],"o":[[0,0],[0,0],[0,0],[0,0]],"v":[[7.25,-41.5],[-87.75,-7.25],[-74.687,-42.954],[21.063,-76.829]],"c":true}]},{"t":80.0000032584668,"s":[{"i":[[0,0],[0,0],[0,0],[0,0]],"o":[[0,0],[0,0],[0,0],[0,0]],"v":[[7.25,-41.5],[-87.75,-7.25],[-33.02,11.491],[62.73,-22.384]],"c":true}]}],"ix":2},"nm":"Path 1","mn":"ADBE Vector Shape - Group","hd":false},{"ty":"st","c":{"a":0,"k":[0.670588235294,0.764705942191,0.827451040231,1],"ix":3},"o":{"a":0,"k":100,"ix":4},"w":{"a":0,"k":0,"ix":5},"lc":1,"lj":1,"ml":4,"bm":0,"nm":"Stroke 1","mn":"ADBE Vector Graphic - Stroke","hd":false},{"ty":"fl","c":{"a":0,"k":[0.925490196078,0.78431372549,0.537254901961,1],"ix":4},"o":{"a":0,"k":100,"ix":5},"r":1,"bm":0,"nm":"Fill 1","mn":"ADBE Vector Graphic - Fill","hd":false},{"ty":"tr","p":{"a":0,"k":[0,0],"ix":2},"a":{"a":0,"k":[0,0],"ix":1},"s":{"a":0,"k":[100,100],"ix":3},"r":{"a":0,"k":0,"ix":6},"o":{"a":0,"k":100,"ix":7},"sk":{"a":0,"k":0,"ix":4},"sa":{"a":0,"k":0,"ix":5},"nm":"Transform"}],"nm":"Shape 1","np":3,"cix":2,"bm":0,"ix":1,"mn":"ADBE Vector Group","hd":false}],"ip":73.000002973351,"op":130.000005295009,"st":63.0000025660426,"bm":0},{"ddd":0,"ind":6,"ty":4,"nm":"Fold-3","parent":1,"sr":1,"ks":{"o":{"a":0,"k":100,"ix":11},"r":{"a":0,"k":0,"ix":10},"p":{"a":0,"k":[-33.343,-40.928,0],"ix":2},"a":{"a":0,"k":[-33.343,-42.039,0],"ix":1},"s":{"a":0,"k":[100,100,100],"ix":6}},"ao":0,"shapes":[{"ty":"gr","it":[{"ind":0,"ty":"sh","ix":1,"ks":{"a":1,"k":[{"i":{"x":0.4,"y":1},"o":{"x":0.2,"y":0},"t":-10,"s":[{"i":[[0,0],[0,0],[0,0],[0,0]],"o":[[0,0],[0,0],[0,0],[0,0]],"v":[[7.25,-41.5],[-87.75,-7.25],[-87.75,27.375],[8,-6.5]],"c":true}]},{"i":{"x":0.8,"y":1},"o":{"x":0.6,"y":0},"t":-5,"s":[{"i":[[0,0],[0,0],[0,0],[0,0]],"o":[[0,0],[0,0],[0,0],[0,0]],"v":[[7.25,-41.5],[-87.75,-7.25],[-74.687,-42.954],[21.063,-76.829]],"c":true}]},{"i":{"x":0.8,"y":1},"o":{"x":0.167,"y":0.167},"t":0,"s":[{"i":[[0,0],[0,0],[0,0],[0,0]],"o":[[0,0],[0,0],[0,0],[0,0]],"v":[[7.25,-41.5],[-87.75,-7.25],[-33.02,11.491],[62.73,-22.384]],"c":true}]},{"i":{"x":0.8,"y":1},"o":{"x":0.167,"y":0.167},"t":5,"s":[{"i":[[0,0],[0,0],[0,0],[0,0]],"o":[[0,0],[0,0],[0,0],[0,0]],"v":[[7.25,-41.5],[-87.75,-7.25],[-74.687,-42.954],[21.063,-76.829]],"c":true}]},{"t":10.0000004073083,"s":[{"i":[[0,0],[0,0],[0,0],[0,0]],"o":[[0,0],[0,0],[0,0],[0,0]],"v":[[7.25,-41.5],[-87.75,-7.25],[-87.75,27.375],[8,-6.5]],"c":true}]}],"ix":2},"nm":"Path 1","mn":"ADBE Vector Shape - Group","hd":false},{"ty":"st","c":{"a":0,"k":[0.670588235294,0.764705942191,0.827451040231,1],"ix":3},"o":{"a":0,"k":100,"ix":4},"w":{"a":0,"k":0,"ix":5},"lc":1,"lj":1,"ml":4,"bm":0,"nm":"Stroke 1","mn":"ADBE Vector Graphic - Stroke","hd":false},{"ty":"fl","c":{"a":0,"k":[0.850980392157,0.682352941176,0.462745098039,1],"ix":4},"o":{"a":0,"k":100,"ix":5},"r":1,"bm":0,"nm":"Fill 1","mn":"ADBE Vector Graphic - Fill","hd":false},{"ty":"tr","p":{"a":0,"k":[0,0],"ix":2},"a":{"a":0,"k":[0,0],"ix":1},"s":{"a":0,"k":[100,100],"ix":3},"r":{"a":0,"k":0,"ix":6},"o":{"a":0,"k":100,"ix":7},"sk":{"a":0,"k":0,"ix":4},"sa":{"a":0,"k":0,"ix":5},"nm":"Transform"}],"nm":"Shape 1","np":3,"cix":2,"bm":0,"ix":1,"mn":"ADBE Vector Group","hd":false}],"ip":0,"op":7.00000028511585,"st":-10.0000004073083,"bm":0},{"ddd":0,"ind":7,"ty":4,"nm":"Fold-6","parent":1,"sr":1,"ks":{"o":{"a":0,"k":100,"ix":11},"r":{"a":0,"k":0,"ix":10},"p":{"a":0,"k":[55.844,-5.75,0],"ix":2},"a":{"a":0,"k":[55.844,-7.25,0],"ix":1},"s":{"a":0,"k":[100,100,100],"ix":6}},"ao":0,"shapes":[{"ty":"gr","it":[{"ind":0,"ty":"sh","ix":1,"ks":{"a":1,"k":[{"i":{"x":0.833,"y":0.833},"o":{"x":0.2,"y":0},"t":70,"s":[{"i":[[0,0],[0,0],[0,0],[0,0]],"o":[[0,0],[0,0],[0,0],[0,0]],"v":[[7.938,-42.25],[7.688,-8],[104,27.75],[103.875,-6.625]],"c":true}]},{"i":{"x":0.833,"y":0.833},"o":{"x":0.2,"y":0},"t":75,"s":[{"i":[[0,0],[0,0],[0,0],[0,0]],"o":[[0,0],[0,0],[0,0],[0,0]],"v":[[7.938,-42.25],[7.041,-78.42],[103.354,-42.67],[103.875,-6.625]],"c":true}]},{"t":80.0000032584668,"s":[{"i":[[0,0],[0,0],[0,0],[0,0]],"o":[[0,0],[0,0],[0,0],[0,0]],"v":[[7.938,-42.25],[-42.82,-25.087],[53.493,10.663],[103.875,-6.625]],"c":true}]}],"ix":2},"nm":"Path 1","mn":"ADBE Vector Shape - Group","hd":false},{"ty":"st","c":{"a":0,"k":[0.670588235294,0.764705942191,0.827451040231,1],"ix":3},"o":{"a":0,"k":100,"ix":4},"w":{"a":0,"k":0,"ix":5},"lc":1,"lj":1,"ml":4,"bm":0,"nm":"Stroke 1","mn":"ADBE Vector Graphic - Stroke","hd":false},{"ty":"fl","c":{"a":0,"k":[0.925490196078,0.78431372549,0.537254901961,1],"ix":4},"o":{"a":0,"k":100,"ix":5},"r":1,"bm":0,"nm":"Fill 1","mn":"ADBE Vector Graphic - Fill","hd":false},{"ty":"tr","p":{"a":0,"k":[0,0],"ix":2},"a":{"a":0,"k":[0,0],"ix":1},"s":{"a":0,"k":[100,100],"ix":3},"r":{"a":0,"k":0,"ix":6},"o":{"a":0,"k":100,"ix":7},"sk":{"a":0,"k":0,"ix":4},"sa":{"a":0,"k":0,"ix":5},"nm":"Transform"}],"nm":"Shape 1","np":3,"cix":2,"bm":0,"ix":1,"mn":"ADBE Vector Group","hd":false}],"ip":73.000002973351,"op":128.000005213547,"st":63.0000025660426,"bm":0},{"ddd":0,"ind":8,"ty":4,"nm":"In-Left","parent":1,"sr":1,"ks":{"o":{"a":0,"k":100,"ix":11},"r":{"a":0,"k":0,"ix":10},"p":{"a":0,"k":[-40.858,-6.302,0],"ix":2},"a":{"a":0,"k":[48.509,34.674,0],"ix":1},"s":{"a":0,"k":[100,100,100],"ix":6}},"ao":0,"shapes":[{"ty":"gr","it":[{"ind":0,"ty":"sh","ix":1,"ks":{"a":0,"k":{"i":[[0,0],[0,0],[0,0]],"o":[[0,0],[0,0],[0,0]],"v":[[48.26,-34.424],[48.26,34.424],[-48.26,0]],"c":true},"ix":2},"nm":"Path 1","mn":"ADBE Vector Shape - Group","hd":false},{"ty":"fl","c":{"a":0,"k":[0.690196078431,0.482352941176,0.266666666667,1],"ix":4},"o":{"a":0,"k":100,"ix":5},"r":1,"bm":0,"nm":"Fill 1","mn":"ADBE Vector Graphic - Fill","hd":false},{"ty":"tr","p":{"a":0,"k":[48.51,34.674],"ix":2},"a":{"a":0,"k":[0,0],"ix":1},"s":{"a":0,"k":[100,100],"ix":3},"r":{"a":0,"k":0,"ix":6},"o":{"a":0,"k":100,"ix":7},"sk":{"a":0,"k":0,"ix":4},"sa":{"a":0,"k":0,"ix":5},"nm":"Transform"}],"nm":"Group 1","np":2,"cix":2,"bm":0,"ix":1,"mn":"ADBE Vector Group","hd":false}],"ip":0,"op":121.000004928431,"st":-10.0000004073083,"bm":0},{"ddd":0,"ind":9,"ty":4,"nm":"In-Right","parent":1,"sr":1,"ks":{"o":{"a":0,"k":100,"ix":11},"r":{"a":0,"k":0,"ix":10},"p":{"a":0,"k":[7.958,-6.163,0],"ix":2},"a":{"a":0,"k":[96.769,34.674,0],"ix":1},"s":{"a":0,"k":[100,100,100],"ix":6}},"ao":0,"shapes":[{"ty":"gr","it":[{"ind":0,"ty":"sh","ix":1,"ks":{"a":0,"k":{"i":[[0,0],[0,0],[0,0],[0,0]],"o":[[0,0],[0,0],[0,0],[0,0]],"v":[[96.519,0],[0,34.424],[-96.519,0],[0,-34.424]],"c":true},"ix":2},"nm":"Path 1","mn":"ADBE Vector Shape - Group","hd":false},{"ty":"fl","c":{"a":0,"k":[0.764705882353,0.56862745098,0.341176470588,1],"ix":4},"o":{"a":0,"k":100,"ix":5},"r":1,"bm":0,"nm":"Fill 1","mn":"ADBE Vector Graphic - Fill","hd":false},{"ty":"tr","p":{"a":0,"k":[96.769,34.674],"ix":2},"a":{"a":0,"k":[0,0],"ix":1},"s":{"a":0,"k":[100,100],"ix":3},"r":{"a":0,"k":0,"ix":6},"o":{"a":0,"k":100,"ix":7},"sk":{"a":0,"k":0,"ix":4},"sa":{"a":0,"k":0,"ix":5},"nm":"Transform"}],"nm":"Group 1","np":2,"cix":2,"bm":0,"ix":1,"mn":"ADBE Vector Group","hd":false}],"ip":0,"op":121.000004928431,"st":-10.0000004073083,"bm":0},{"ddd":0,"ind":10,"ty":4,"nm":"Right Side","parent":1,"sr":1,"ks":{"o":{"a":0,"k":100,"ix":11},"r":{"a":0,"k":0,"ix":10},"p":{"a":0,"k":[55.5,78,0],"ix":2},"a":{"a":0,"k":[48.75,85.25,0],"ix":1},"s":{"a":0,"k":[100,100,100],"ix":6}},"ao":0,"shapes":[{"ty":"gr","it":[{"ind":0,"ty":"sh","ix":1,"ks":{"a":0,"k":{"i":[[0,0],[0,0],[0,0],[0,0]],"o":[[0,0],[0,0],[0,0],[0,0]],"v":[[48.5,-85],[-48.5,-51],[-48.5,85],[48.5,51]],"c":true},"ix":2},"nm":"Path 1","mn":"ADBE Vector Shape - Group","hd":false},{"ty":"fl","c":{"a":0,"k":[0.690196078431,0.482352941176,0.266666666667,1],"ix":4},"o":{"a":0,"k":100,"ix":5},"r":1,"bm":0,"nm":"Fill 1","mn":"ADBE Vector Graphic - Fill","hd":false},{"ty":"tr","p":{"a":0,"k":[48.75,85.25],"ix":2},"a":{"a":0,"k":[0,0],"ix":1},"s":{"a":0,"k":[100,100],"ix":3},"r":{"a":0,"k":0,"ix":6},"o":{"a":0,"k":100,"ix":7},"sk":{"a":0,"k":0,"ix":4},"sa":{"a":0,"k":0,"ix":5},"nm":"Transform"}],"nm":"Group 1","np":2,"cix":2,"bm":0,"ix":1,"mn":"ADBE Vector Group","hd":false}],"ip":0,"op":121.000004928431,"st":-10.0000004073083,"bm":0},{"ddd":0,"ind":11,"ty":4,"nm":"Left Side","parent":1,"sr":1,"ks":{"o":{"a":0,"k":100,"ix":11},"r":{"a":0,"k":0,"ix":10},"p":{"a":0,"k":[-41,78,0],"ix":2},"a":{"a":0,"k":[48.25,85.25,0],"ix":1},"s":{"a":0,"k":[100,100,100],"ix":6}},"ao":0,"shapes":[{"ty":"gr","it":[{"ind":0,"ty":"sh","ix":1,"ks":{"a":0,"k":{"i":[[0,0],[0,0],[0,0],[0,0]],"o":[[0,0],[0,0],[0,0],[0,0]],"v":[[-48,-85],[48,-51],[48,85],[-48,51]],"c":true},"ix":2},"nm":"Path 1","mn":"ADBE Vector Shape - Group","hd":false},{"ty":"fl","c":{"a":0,"k":[0.839215686275,0.647058823529,0.407843137255,1],"ix":4},"o":{"a":0,"k":100,"ix":5},"r":1,"bm":0,"nm":"Fill 1","mn":"ADBE Vector Graphic - Fill","hd":false},{"ty":"tr","p":{"a":0,"k":[48.25,85.25],"ix":2},"a":{"a":0,"k":[0,0],"ix":1},"s":{"a":0,"k":[100,100],"ix":3},"r":{"a":0,"k":0,"ix":6},"o":{"a":0,"k":100,"ix":7},"sk":{"a":0,"k":0,"ix":4},"sa":{"a":0,"k":0,"ix":5},"nm":"Transform"}],"nm":"Group 1","np":2,"cix":2,"bm":0,"ix":1,"mn":"ADBE Vector Group","hd":false}],"ip":0,"op":121.000004928431,"st":-10.0000004073083,"bm":0}],"markers":[]}